Keyword,Frequency
engin;,877
civil;,434
(general),434
technology:;,434
(general).;,434
power;,91
heat;,75
"control,;",71
"optimization,;",57
and;,56
"algorithm,;",55
optim;,54
"system,;",50
"learning,;",43
"analysis,;",42
energi;,41
of;,40
neural;,40
fuzzi;,35
distribut;,35
electr;,33
surfac;,32
"network,;",32
thermal;,31
"flow,;",31
gener;,30
control;,29
artifici;,29
mechan;,28
imag;,28
"method,;",28
"properties,;",26
genet;,26
algorithm,25
"controller,;",25
deep;,25
"energy,;",24
solar;,24
network;,24
particl;,23
dynam;,23
hybrid;,23
optim,23
"model,;",23
magnet;,23
finit;,22
fraction;,22
induct;,22
"detection,;",21
analysi,21
"fluid,;",21
flow;,21
machin;,21
swarm;,21
"transfer,;",21
algorithm;,20
search;,20
activ;,19
model,19
"nanofluid,;",19
system;,19
fault;,19
wind;,19
adapt;,18
"filter,;",17
"design,;",17
"networks,;",17
"transform,;",17
friction;,16
high;,16
phase;,16
"logic,;",16
"systems,;",16
voltag;,16
automat;,16
"generation,;",16
natur;,15
"welding,;",15
frequenc;,15
signal;,15
system,15
materi;,15
base;,15
discret;,15
order;,15
"antenna,;",15
chemic;,15
"classification,;",15
network,15
"wear,;",14
numer;,14
speed;,14
porou;,14
slide;,14
dc;,14
"composites,;",14
"convection,;",14
element;,14
torqu;,13
mode;,13
"efficiency,;",13
"composite,;",13
metal;,13
renew;,13
softwar;,13
water;,13
"modeling,;",13
"testing,;",12
data;,12
mass;,12
transfer;,12
"ratio,;",12
"steel,;",12
mix;,12
perform;,12
"effect,;",12
"materials,;",12
"motor,;",11
respons;,11
integr;,11
binari;,11
pid;,11
"alloy,;",11
qualiti;,11
"performance,;",11
control,11
bee;,11
compress;,11
digit;,11
grey;,11
logic;,11
matrix;,11
"algorithms,;",11
wavelet;,11
load;,11
vehicl;,11
time;,11
stabil;,10
variabl;,10
maximum;,10
method;,10
linear;,10
"diagnosis,;",10
state;,10
function;,10
3d;,10
–;,10
"machining,;",10
multipl;,10
"roughness,;",10
differenti;,10
multi-object;,10
current;,10
"index,;",10
method,10
modifi;,10
"search,;",10
"estimation,;",10
vector;,10
fourier;,10
free;,9
"computing,;",9
low;,9
curv;,9
"material,;",9
learn;,9
"simulation,;",9
radial;,9
"management,;",9
"recognition,;",9
synchron;,9
grade;,9
"test,;",9
photovolta;,9
vibrat;,9
channel;,9
"mhd,;",9
volum;,9
steel;,9
wireless;,9
to;,9
"converter,;",9
discharg;,9
"prediction,;",8
decis;,8
firefli;,8
transform;,8
"field,;",8
transmiss;,8
"monitoring,;",8
medic;,8
"modelling,;",8
"process,;",8
"radiation,;",8
remov;,8
coloni;,8
air;,8
"medium,;",8
"alloys,;",8
"engine,;",8
"synthesis,;",8
"machines,;",8
regress;,8
"microstructure,;",8
engin,8
motion;,8
"beam,;",8
"effects,;",8
"distribution,;",8
"security,;",8
"structure,;",8
point;,8
sustain;,7
"problem,;",7
local;,7
design,7
concret;,7
solut,7
unsteadi;,7
reson;,7
parallel;,7
reactiv;,7
"reaction,;",7
squar;,7
rate;,7
"tracking,;",7
wast;,7
"quality,;",7
seri;,7
harmon;,7
batteri;,7
"coating,;",7
continu;,7
stainless;,7
cut;,7
"processing,;",7
"vibration,;",7
"rate,;",7
solid;,7
fuel;,7
convolut;,7
microstrip;,7
"coefficient,;",7
tensil;,7
wire;,7
design;,7
"power,;",7
posit;,7
green;,7
"segmentation,;",7
"machine,;",7
dual;,7
smart;,7
failur;,7
stretch;,7
"technique,;",7
"theory,;",7
electromagnet;,7
mobil;,7
"extraction,;",7
"motion,;",6
storag;,6
vertic;,6
viscou;,6
non-uniform;,6
"surface,;",6
"allocation,;",6
"inverter,;",6
proport;,6
polym;,6
econom;,6
electron;,6
wolf;,6
weld;,6
"equation,;",6
ac;,6
"loading,;",6
optic;,6
in;,6
"friction,;",6
structur;,6
carbon;,6
"nanoparticles,;",6
interconnect;,6
"robot,;",6
robust;,6
convers;,6
"intelligence,;",6
charg;,6
fluid;,6
combinatori;,6
brake;,6
"generator,;",6
temperatur;,6
geometr;,6
perform,6
inform;,6
"stability,;",6
direct;,6
"source,;",6
micro;,6
"circuit,;",6
commun;,6
"strength,;",6
filter;,6
learn,6
gener,6
process;,6
area;,6
ground;,6
"fiber,;",6
taguchi;,6
suspens;,6
cloud;,6
"pump,;",6
least;,6
stabil,6
doubl;,6
"turning,;",6
"cavity,;",6
elast;,6
grid;,6
modul;,6
detect;,6
"sensing,;",6
effici,6
skin;,6
nonlinear;,6
wave;,6
sensit;,6
dielectr;,5
composit;,5
"(agc),;",5
"fem,;",5
"programming,;",5
constraint;,5
"authentication,;",5
build;,5
"techniques,;",5
modular;,5
parametr;,5
emiss;,5
process,5
"voltage,;",5
loss,5
stir;,5
field;,5
combust;,5
"exchanger,;",5
commun,5
"ripple,;",5
multi;,5
recurr;,5
energi,5
total;,5
memori;,5
ga;,5
measur;,5
boundari;,5
"slip,;",5
grain;,5
"dispatch,;",5
shape;,5
"cfd,;",5
"mechanism,;",5
jet;,5
melt;,5
analyt;,5
spars;,5
motor;,5
"waste,;",5
"absorption,;",5
cross;,5
"capacity,;",5
herd;,5
link;,5
"grid,;",5
layer;,5
capacitor;,5
"observer,;",5
antenna;,5
error;,5
transit;,5
"behavior,;",5
intellig;,5
"cylinder,;",5
"dataset,;",5
patch;,5
larg;,5
remot;,5
comput;,5
circuit;,5
"technology,;",5
machin,5
wear,5
chaotic;,5
equival;,5
real;,5
loss;,5
test;,5
weight;,5
ultrason;,5
"plate,;",5
shear;,5
human;,5
antenna,5
"emission,;",5
frequenc,5
"fpga,;",5
"manufacturing,;",5
featur;,5
"graph,;",5
turbul;,5
fast;,5
"force,;",5
"reliability,;",5
properti,5
wear;,5
fli;,5
number,5
"motors,;",5
"measurement,;",5
"placement,;",5
"factor,;",5
"reduction,;",5
entropi;,5
"scheduling,;",5
multilevel;,5
experiment;,5
singl;,5
node;,5
cuckoo;,5
sensor;,5
mhd;,5
virtual;,5
object;,5
casson;,5
cosin;,5
gate;,5
gradient;,5
"conductivity,;",5
"methodology,;",5
"planning,;",5
harmoni;,5
track;,5
space;,4
"taguchi,;",4
relat;,4
"(pso),;",4
"adder,;",4
"combustion,;",4
perman;,4
"comparison,;",4
"conditions,;",4
"biodiesel,;",4
minim;,4
"structures,;",4
size;,4
classif,4
dimension;,4
model;,4
"recovery,;",4
contact;,4
"stress,;",4
new;,4
exact;,4
multi-sourc;,4
acceler;,4
"ash,;",4
construct;,4
fiber;,4
"tribology,;",4
unit;,4
dead;,4
"approach,;",4
region;,4
fatigu;,4
with;,4
"temperature,;",4
"map,;",4
non-linear;,4
wall;,4
"parameter,;",4
radiat;,4
"location,;",4
"assessment,;",4
unifi;,4
oxid;,4
extend;,4
puls;,4
"parameters,;",4
statist;,4
"regression,;",4
"soil,;",4
residu;,4
transform,4
static;,4
reinforc;,4
"compensator,;",4
graphen;,4
video;,4
"battery,;",4
revers;,4
bit;,4
"dissipation,;",4
level;,4
qualiti,4
"geometry,;",4
array;,4
paramet,4
monopol;,4
copper;,4
search,4
lane;,4
convect;,4
feed;,4
triangular;,4
a;,4
"loop,;",4
mean;,4
laminar;,4
"array,;",4
industri;,4
imped;,4
defin;,4
"processor,;",4
abras;,4
simul;,4
bear;,4
aisi;,4
invert;,4
"anova,;",4
"forecasting,;",4
"tree,;",4
servic;,4
support;,4
hardwar;,4
yield;,4
cost;,4
complex;,4
"loss,;",4
transfer,4
asymmetr;,4
lock;,4
interpol;,4
"waves,;",4
effect,4
stress;,4
text;,4
silicon;,4
"compensation,;",4
side;,4
ignit;,4
flexibl;,4
compon;,4
"representation,;",4
ultrasound;,4
coeffici;,4
arc;,4
forc;,4
"microwave,;",4
"speed,;",4
"regulator,;",4
"copper,;",4
"methods,;",4
spray;,4
"antennas,;",4
reciproc;,4
"characteristics,;",4
second;,4
cylindr;,4
"converters,;",4
"error,;",4
nois;,4
"cnn,;",4
test,4
diesel;,4
evolutionari;,4
"load,;",4
autonom;,4
blood;,4
trajectori;,4
"angle,;",4
addit;,4
powder;,4
"length,;",4
"separation,;",4
"number,;",4
"concrete,;",4
select;,4
vehicl,4
"features,;",4
effect;,4
later;,4
separ;,4
interfer;,4
short;,4
"plant,;",4
feedback;,4
rotat;,4
"identification,;",4
ratio;,4
"microgrid,;",4
spheric;,4
"cycle,;",4
multi-phas;,4
"(fa),;",4
closed-loop;,4
bat;,4
reaction,4
"(grc),;",4
"disease,;",4
sign;,4
plastic;,4
adversari;,3
"media,;",3
"steganography,;",3
"emissions,;",3
"wedm,;",3
"magnetohydrodynamics,;",3
wedm,3
bodi;,3
face;,3
programm;,3
fractal;,3
"engineering,;",3
specif;,3
data-driven;,3
cluster;,3
"response,;",3
"decomposition,;",3
"manet,;",3
"alloying,;",3
convert,3
nanotub;,3
timoshenko;,3
disturb;,3
pv;,3
uwb;,3
"aluminum,;",3
an;,3
"microcontroller,;",3
"scheme,;",3
induc;,3
enhanc;,3
"powder,;",3
dri;,3
hydraul;,3
spark-ignit;,3
"artery,;",3
"factors,;",3
pollin;,3
flower;,3
"time,;",3
global;,3
duplex;,3
passiv;,3
indirect;,3
structur,3
"reconstruction,;",3
"waveform,;",3
neg;,3
"removal,;",3
"enclosure,;",3
flow,3
deriv;,3
"(ga),;",3
"feed,;",3
cycl;,3
micropolar;,3
channel,3
intermetal;,3
"drilling,;",3
tool,3
unsupervis;,3
gray;,3
markov;,3
fpga;,3
"coupling,;",3
"architecture,;",3
composit,3
parkinson’;,3
"actuator,;",3
"faults,;",3
assembl;,3
thermodynam;,3
heurist;,3
"device,;",3
mask;,3
denial;,3
applic,3
key;,3
"robustness,;",3
pi;,3
actuat;,3
error,3
redund;,3
"resistance,;",3
mathemat;,3
small;,3
"aluminium,;",3
"earthquakes,;",3
"pollution,;",3
"enhancement,;",3
kahramanmaraş;,3
"function,;",3
differ;,3
oxygen;,3
spatial;,3
critic;,3
sourc;,3
"pv,;",3
connect;,3
estim;,3
"computation,;",3
invers;,3
regress,3
"silica,;",3
"approximation,;",3
angular;,3
sinusoid;,3
"mobility,;",3
corros;,3
fraction,3
brushless;,3
delay;,3
ring;,3
"circuits,;",3
use;,3
carrier;,3
bayesian;,3
social;,3
analog;,3
"operator,;",3
approxim;,3
paramet;,3
transport;,3
path;,3
"drives,;",3
"interference,;",3
"column,;",3
breast;,3
"probability,;",3
sensor,3
"nonlinearity,;",3
"fume,;",3
"correlation,;",3
"information,;",3
thin;,3
convex;,3
materi,3
"study,;",3
manag;,3
"communication,;",3
"vehicle,;",3
"winding,;",3
environment;,3
reluct;,3
kalman;,3
interior;,3
"plants,;",3
silica;,3
"connection,;",3
"watermarking,;",3
discrimin;,3
organ;,3
chang;,3
"fault,;",3
threshold;,3
amplifi;,3
meta-heurist;,3
locat;,3
axial;,3
cmo;,3
long;,3
crack;,3
precis;,3
polar;,3
"models,;",3
temperatur,3
nanofluid,3
"(ann),;",3
veloc;,3
damag;,3
resist;,3
peak;,3
brownian;,3
capacit;,3
semant;,3
"localization,;",3
coir;,3
"wall,;",3
for;,3
intern;,3
predict;,3
"selection,;",3
convert;,3
"imaging,;",3
"fraction,;",3
"transformer,;",3
"chain,;",3
"utilization,;",3
emot;,3
loop;,3
corrug;,3
"interface,;",3
fin;,3
"sink,;",3
"channel,;",3
band;,3
shoot;,3
classic;,3
"microscopy,;",3
intellig,3
"lubrication,;",3
"biogas,;",3
"thermosyphon,;",3
strength,3
cascad;,3
pollut;,3
rubber;,3
"expansion,;",3
case;,3
forc,3
event;,3
"nanofluids,;",3
"chimney,;",3
adhes;,3
earli;,3
the;,3
iron;,3
glass;,3
rice;,3
resourc;,3
imag,3
pitch;,3
heterogen;,3
"manipulator,;",3
"casting,;",3
access;,3
orthogon;,3
"jet,;",3
"devices,;",3
oper,3
aluminum;,3
cyclic;,3
"modulation,;",3
q;,3
symmetr;,3
"compression,;",3
full;,3
color;,3
"alcohol,;",3
"stabilization,;",3
"transesterification,;",3
biomass;,3
hydro;,3
mixtur;,3
mutat;,3
compound;,3
"hardware,;",3
"derivative,;",3
curv,3
"(upfc),;",3
"conditioning,;",3
defect;,3
"dissimilar,;",3
"source/sink,;",3
"sheet,;",3
"signaling,;",3
classifi,3
gaussian;,3
"deregulation,;",3
"cutting,;",3
top;,3
back;,3
"annulus,;",3
ant;,3
propag;,3
"steels,;",3
soret;,3
"cells,;",3
"square,;",3
fed;,3
doubli;,3
"dynamics,;",3
avail;,3
price;,3
concret,3
"(gmdh),;",3
handl;,3
group;,3
"code,;",3
ferroc;,3
gravit;,3
constraint,3
charact;,3
simul,3
float;,3
health;,3
"evolution,;",3
"oil,;",3
similar;,3
radar;,3
pareto;,3
line,3
biodiesel,2
task;,2
"station,;",2
nano;,2
"convolution,;",2
absorpt,2
enhanc,2
popular;,2
"filtering,;",2
recommend;,2
big;,2
"access,;",2
non-orthogon;,2
"vectors,;",2
unit,2
"communications,;",2
"colony,;",2
avr;,2
"mwcnt,;",2
film;,2
"offloading,;",2
radio;,2
sensorless;,2
target;,2
"avoidance,;",2
obstacl;,2
"sonar,;",2
"geopolymer,;",2
"slag,;",2
poisson’;,2
"hiding,;",2
relay;,2
partial;,2
ann,2
latent;,2
satellit;,2
veget;,2
"resource,;",2
forward;,2
"cone,;",2
rel;,2
"diffusion,;",2
"recommendation,;",2
medium;,2
earth;,2
pin;,2
"carrier,;",2
uncertain;,2
crystal;,2
"scanning,;",2
"aes,;",2
edg;,2
"optimizer,;",2
prestress;,2
ellipt;,2
matlab;,2
"operation,;",2
"measures,;",2
millimet;,2
"balancing,;",2
band,2
"fluids,;",2
vortex;,2
connect,2
"topologies,;",2
conduct,2
lyapunov;,2
"states,;",2
"modulus,;",2
"dependence,;",2
absorb;,2
on;,2
pulse-width;,2
"electronics,;",2
"encryption,;",2
"attack,;",2
tire;,2
"comfort,;",2
"mmw,;",2
map;,2
figur;,2
"sensitivity,;",2
systemat;,2
eleph;,2
pso;,2
life;,2
weak;,2
"5g,;",2
"principles,;",2
"output,;",2
ii;,2
type;,2
term;,2
respons,2
music;,2
"block,;",2
initi;,2
"vector,;",2
common;,2
class;,2
elimin;,2
degrad,2
weather;,2
"acid,;",2
"nanowires,;",2
silver;,2
fuel,2
"cement,;",2
junction;,2
"acceleration,;",2
2023;,2
"capacitors,;",2
"tumor,;",2
brain;,2
teach;,2
tunnel;,2
"nanocomposites,;",2
limit;,2
sailfish;,2
"hydrogen,;",2
asynchron;,2
enclosur,2
sourc,2
"elimination,;",2
"photovoltaics,;",2
"pattern,;",2
drive,2
dorsal;,2
"margins,;",2
"realization,;",2
function,2
"ceramics,;",2
wavi;,2
"preparation,;",2
"warning,;",2
schedul,2
extern;,2
assist;,2
"buckling,;",2
advanc;,2
share;,2
"masking,;",2
aerodynam;,2
"impeller,;",2
"tie-line,;",2
robot;,2
factor,2
"sensor,;",2
grind;,2
"hardening,;",2
reduct,2
"ore,;",2
bottl;,2
nickel;,2
vm;,2
"cylinders,;",2
"gearbox,;",2
"resources,;",2
strip;,2
coplanar;,2
endovascular;,2
"surgery,;",2
"generators,;",2
valid,2
climat;,2
formal;,2
tough,2
"confinement,;",2
"treatment,;",2
tooth;,2
corros,2
topolog;,2
"whiskers,;",2
caso4;,2
"tariff,;",2
"members,;",2
moment;,2
"hardness,;",2
"law,;",2
day;,2
"noise,;",2
"beamforming,;",2
"coding,;",2
"(fpga),;",2
implement,2
straight;,2
hough;,2
dynamomet,2
"delay,;",2
tunabl;,2
lattic;,2
"routing,;",2
"wlan,;",2
load,2
modal;,2
jaya;,2
steel,2
rough;,2
"difference,;",2
evolut;,2
reflect;,2
"based,;",2
smooth;,2
buffer;,2
"sand,;",2
microgrid,2
dg;,2
"pile,;",2
experi,2
real-tim;,2
input–output;,2
synchron,2
bush;,2
cfd,2
anomali;,2
lubric;,2
line;,2
hot;,2
content;,2
"threshold,;",2
"robotics,;",2
convect,2
opposition-bas;,2
rc;,2
through;,2
"area,;",2
interfac;,2
biomed;,2
"electroencephalogram,;",2
"robots,;",2
"frequency,;",2
"current,;",2
two-phas;,2
lesion;,2
period;,2
"navigation,;",2
methodolog,2
"characterization,;",2
characterist,2
"bronze,;",2
laser;,2
product;,2
"alumina,;",2
ii,2
"coatings,;",2
"qos,;",2
"film,;",2
fir;,2
"degradation,;",2
"rsm,;",2
"fusion,;",2
work;,2
voic;,2
scan;,2
"solidification,;",2
dark;,2
hilbert-huang;,2
ensembl;,2
"electrospinning,;",2
"hydraulics,;",2
computer-aid;,2
"zone,;",2
stagnat;,2
"bayes,;",2
naïv;,2
"point,;",2
"stations,;",2
resist,2
"stretching/shrinking,;",2
valv,2
"thickness,;",2
"damping,;",2
"spring,;",2
coat;,2
"scale,;",2
mechan,2
constant;,2
"grinding,;",2
"dual-band,;",2
"pressure,;",2
recycl,2
"sources,;",2
frp;,2
"damage,;",2
voltag,2
"concentration,;",2
manufactur;,2
multipli,2
"gain,;",2
grid-connect;,2
zero;,2
tungsten;,2
"vehicles,;",2
sens;,2
diagnosi,2
"(ddos),;",2
second-ord;,2
"torque,;",2
print;,2
"pipe,;",2
integ;,2
submerg;,2
z;,2
scene;,2
"multiplication,;",2
"strategy,;",2
compact;,2
theori;,2
"retrieval,;",2
large-scal;,2
graviti;,2
detect,2
"(opf),;",2
seed;,2
squirrel;,2
non;,2
"mimo,;",2
fe;,2
three-phas;,2
wrestl;,2
anneal,2
layout;,2
wave,2
shock;,2
graph;,2
histogram;,2
"image,;",2
high-pow;,2
"valve,;",2
"protection,;",2
block;,2
ad-hoc;,2
eccentr;,2
quantit;,2
"disassembly,;",2
"regulation,;",2
hand;,2
analysi;,2
descent;,2
multi-respons;,2
drill;,2
cellulos;,2
blind;,2
turkey,2
cement;,2
compliant;,2
recognit;,2
infer;,2
"reactor,;",2
"catalyst,;",2
acid;,2
cell;,2
maxwel;,2
tripl;,2
boltzmann;,2
horizont;,2
plate;,2
"saving,;",2
"disc,;",2
"consumption,;",2
fit;,2
theori,2
aspect;,2
"duct,;",2
hydrodynam;,2
rankin;,2
stepper;,2
"tolerance,;",2
bio-inspir;,2
"signals,;",2
"level,;",2
cross-coupl;,2
"corrosion,;",2
gain;,2
governor;,2
strength;,2
densiti;,2
"solutions,;",2
rout;,2
obliqu;,2
cellular;,2
"additive,;",2
"microparticles,;",2
recycl;,2
"pretreatment,;",2
exergi;,2
li-ion;,2
quadratur;,2
secondari;,2
spectrum;,2
exchang;,2
electromechan;,2
visual;,2
open;,2
attribut;,2
"matrix,;",2
onlin;,2
angl;,2
drag;,2
sine;,2
"hysteresis,;",2
consumpt,2
eulerian;,2
fea,2
doubly-f;,2
blasiu;,2
"cost,;",2
root;,2
"amplifiers,;",2
(ftn);,2
faster-than-nyquist;,2
bandpass;,2
profit;,2
quadrat;,2
"vision,;",2
hydrogen;,2
rais;,2
shunt;,2
"resonator,;",2
center;,2
oper;,2
vibratori;,2
estim,2
"flux,;",2
refer;,2
pass;,2
reheat;,2
overlap;,2
earthquak;,2
affect;,2
thyristor;,2
quasi-opposit;,2
"revenue,;",2
inclin;,2
logic,2
"pmsm,;",2
"strengthening,;",2
empir;,2
"height,;",2
super;,2
weight,2
peristalt;,2
dusti;,2
sort;,2
phasor;,2
biolog;,2
"market,;",2
carri;,2
transient;,2
impact;,2
ceram;,2
"attributes,;",2
"discovery,;",2
prototyp;,2
lobe;,2
pulsatil;,2
graph,2
cubic;,2
transistor;,2
wide;,2
"permittivity,;",2
"metallurgy,;",2
"oxide,;",2
blade;,2
distort;,2
overlay;,2
peer-to-p;,2
krill;,2
electrochem;,2
inconel;,2
nusselt;,2
"potential,;",2
at;,2
quantum;,2
"linearization,;",2
util;,2
"(thd),;",2
ultra;,2
secur,2
higher;,2
elev;,2
"size,;",2
equilibrium,2
"multi-objective,;",2
plug;,2
"lifetime,;",2
"multiplier,;",2
"diffraction,;",2
"cooling,;",2
l-shape;,2
orient;,2
game;,2
jacobian;,2
end;,2
combin;,2
"building,;",2
"lines,;",2
"amplitude,;",2
"mrr,;",2
leaf;,2
beam,2
domino;,2
"zirconia,;",2
congest;,2
recognit,2
interact;,2
"mapping,;",2
increment;,2
"theorem,;",2
waveguid;,2
impuls;,2
"bonding,;",2
"laser,;",2
two;,2
"printing,;",2
nsga-ii,2
alloy,2
nuclear;,2
serial;,2
2d;,2
"sorting,;",2
"interaction,;",2
"driving,;",2
carbid;,2
"engines,;",2
alloy;,2
ise;,2
"phase,;",2
catheter;,2
"panel,;",2
shell;,2
lid-driven;,2
"ann,;",2
burr;,2
"gasoline,;",2
substrat;,2
"films,;",2
"graphene,;",2
"implementation,;",2
redox;,2
fact;,2
"pso,;",2
"application,;",2
hard;,2
sliding-mod;,2
sound;,2
"sag,;",2
"deflection,;",2
packet;,2
graphit;,2
degre;,2
chao;,2
multiple-valu;,2
pipe;,2
situ;,2
"mmcs,;",2
"bandwidth,;",2
"(sdn),;",2
program;,2
freedom;,2
molten;,2
techniqu,2
"milling,;",2
precipit,2
"metal,;",2
"band,;",2
number;,2
"storage,;",2
superconduct;,2
adder,2
pole;,2
dissip,2
multiband;,2
index,2
hall;,2
"adders,;",2
"currents,;",2
tool;,2
lamin;,2
"patterns,;",2
"clustering,;",2
canon;,2
pulsat;,2
drive;,2
open-end;,2
(2dof;,2
shade;,2
titanium;,2
illumin;,2
autom;,2
husk;,2
dufour;,2
element,2
"integrity,;",2
gap;,2
dc–dc;,2
clock;,2
gdi;,2
"bridge,;",2
"consolidation,;",2
"gtaw,;",2
feder;,2
roll;,2
"surfactant,;",2
"value,;",2
centrifug;,2
crow;,2
"concept,;",2
"barriers,;",1
multilay;,1
"(fii-pmsm),;",1
pmsm;,1
flux-intensifi;,1
hot-end;,1
cold-end;,1
gamma-typ;,1
stirl;,1
"transistors,;",1
"recycling,;",1
"(rfca),;",1
folded-cascod;,1
transconduct;,1
propag,1
"sentinel-1,;",1
offshor;,1
result,1
"evaluation,;",1
shaded-pol;,1
strouhal;,1
averag;,1
"quenching,;",1
"frc,;",1
payback;,1
tilt;,1
coupler,1
"millimeterwave,;",1
descriptor,1
"matching,;",1
image-bas;,1
product,1
ocn;,1
trimethylolpropan;,1
"regimes,;",1
"sheets,;",1
cold-form;,1
matrix,1
"bim,;",1
"integration,;",1
"quantification,;",1
"indicators,;",1
return,1
"period,;",1
"adhesion,;",1
oil-bas;,1
kerosen;,1
deriv,1
"exoskeleton,;",1
"merit,;",1
in-vivo;,1
x-band;,1
addit,1
"trioleate,;",1
"shielding,;",1
"stacking,;",1
tube;,1
spot;,1
"magnesium,;",1
we43;,1
cp,1
next-gen;,1
"cross-layer,;",1
"rheology,;",1
wheel-rail;,1
rail;,1
fiber-reinforc;,1
"fabric,;",1
non-crimp;,1
scr,1
"egr,;",1
"emulsions,;",1
grapese;,1
scaffold,1
biodegrad;,1
tissu;,1
bone;,1
collabor;,1
map,1
ed;,1
"(sem),;",1
microscopi;,1
"intermetallic,;",1
"(ebw),;",1
beam;,1
fractur,1
"property,;",1
represent;,1
sens,1
tamper;,1
metric,1
beyond-accuraci;,1
"items,;",1
blockbust;,1
"bias,;",1
"helicopter,;",1
3-dof;,1
prototyp,1
processor;,1
multi-cor;,1
embed;,1
"risc-v,;",1
lift-off;,1
"photoresist,;",1
univers;,1
divers,1
pattern;,1
"(dra),;",1
"(cp),;",1
circular;,1
ga,1
by;,1
fuzzy-smc;,1
fuzzy-genet;,1
slung;,1
quadrotor;,1
firefight;,1
"tomography,;",1
coher;,1
microscopi,1
fluoresc;,1
"tribometer,;",1
"cartilage,;",1
"biotribology,;",1
failur,1
decrypt;,1
forward-secur;,1
"non-interactive,;",1
microautobox,1
dspace;,1
"foundation,;",1
pile;,1
"rls,;",1
"mtpa,;",1
ipm;,1
radio,1
cognit;,1
"ofdm,;",1
symbol;,1
deepoct,1
"edema,;",1
macular;,1
"exploration,;",1
soc,1
"gpus,;",1
"fpgas,;",1
silica,1
"selectivity,;",1
spectral;,1
"allotropes,;",1
rectifi,1
"charging,;",1
coil;,1
settlement,1
socket;,1
"spectroscopy,;",1
raman;,1
surface-enhanc;,1
"thermophoresis,;",1
flotat,1
forest,1
quantil;,1
signatur,1
"hash,;",1
"hmac,;",1
light;,1
"liquid,;",1
disk-bas;,1
piec,1
interphas;,1
hard-templ;,1
drug;,1
"curcumin,;",1
thermophoresi;,1
cuda,1
"units,;",1
graphic;,1
"memory,;",1
"problems,;",1
unconstrain;,1
(asfo);,1
"(sfo),;",1
crow-search;,1
accur;,1
"mineralogy,;",1
"magnetite,;",1
polymetal;,1
selfish;,1
mesopor;,1
hollow;,1
motor,1
"improvement,;",1
"condenser,;",1
evapor;,1
"conditioner,;",1
split-typ;,1
tradit;,1
attack;,1
turbin;,1
-;,1
fopi-idn;,1
covid-pp;,1
neuromorph;,1
"(stdp),;",1
spike-time-dependent-plast;,1
"synapse,;",1
memristor;,1
neuron;,1
hindmarsh-ros;,1
monopol,1
step;,1
"(acs),;",1
"evs,;",1
"(pi)-pdf,;",1
cc-2dof;,1
csa,1
"(csa),;",1
"ofapid),;",1
aid;,1
"pid),;",1
thruster,1
"propellants,;",1
"htp,;",1
"peroxide,;",1
"dopamine,;",1
electro-mechan;,1
duodopa;,1
ambulatori;,1
ovpla,1
hvdc;,1
i;,1
"lfc,;",1
satur;,1
properti;,1
phreatic;,1
borehol;,1
biomechan,1
"prosthesis,;",1
"grasp,;",1
"benchmarking,;",1
thermal-hydraul;,1
"behaviors,;",1
"incubator,;",1
infant;,1
thermoelectr;,1
hash;,1
cruis;,1
extend,1
chain;,1
"organoclay,;",1
"terephthalate),;",1
poly(butylen;,1
damag,1
"buildings,;",1
"e-bike,;",1
tidal;,1
"(flg),;",1
few-lay;,1
al-si;,1
"bispectrum,;",1
star;,1
k;,1
ic;,1
carcinoma,1
"mean,;",1
"formation,;",1
tubul;,1
tabl;,1
montgomeri;,1
"exponentiation,;",1
"cryptosystem,;",1
public;,1
"cryptography,;",1
"fluctuation,;",1
pressur;,1
lumped-blad;,1
mechanical/microstructur;,1
phosphor;,1
woa,1
"avr,;",1
"fopi,;",1
dda,1
radi;,1
"grease,;",1
anfi;,1
"formability,;",1
"forming,;",1
rsa,1
recoveri;,1
rang,1
spur;,1
glitch;,1
"dac,;",1
score,1
opinion;,1
textur;,1
no-refer;,1
sem,1
"micro-bonding,;",1
"module,;",1
extract,1
visibl;,1
infrar;,1
scroll-expand,1
"r134a,;",1
geotherm;,1
alumina,1
l;,1
316;,1
"spray,;",1
depend;,1
hub;,1
doorway;,1
place;,1
k-band,1
"software,;",1
hfss;,1
"patch,;",1
annular;,1
select,1
head;,1
d2d;,1
disast;,1
"creation,;",1
"denoising,;",1
speckl;,1
constant,1
attenu;,1
"impedance,;",1
"assembly,;",1
conductor-semiconductor;,1
"conductor,;",1
"screen,;",1
semiconductor;,1
robot,1
narrow;,1
"(frm),;",1
"(ifir),;",1
closed-end;,1
lfcc,1
"mfcc,;",1
"psd,;",1
"signal,;",1
rf;,1
drone;,1
decision-mak,1
"data,;",1
tie;,1
"synchronization,;",1
"zcd,;",1
multi-standard;,1
"channelizer,;",1
"bank,;",1
reconfigur;,1
"(ntb),;",1
"surveys,;",1
multi-tempor;,1
"(uav),;",1
aerial;,1
unman;,1
"hazard,;",1
track,1
"disturbances,;",1
"pendulum,;",1
suppli,1
uninterrupt;,1
"simulink,;",1
mitig,1
neutral;,1
"position,;",1
cylind;,1
adiabat;,1
"polarization,;",1
morpholog,1
river;,1
"publishers,;",1
fraudul;,1
"under-sampling,;",1
scale,1
"shreds,;",1
"bars,;",1
deform;,1
mse;,1
"pullout,;",1
sbtc,1
thepade’;,1
pretrain;,1
usag;,1
land;,1
"inversion,;",1
time-vari;,1
zhang;,1
rank,1
suitabl;,1
paver;,1
cement-less;,1
bind;,1
imbal,1
"division,;",1
quad;,1
"k-nn,;",1
"nearest-neighbors,;",1
"vortex,;",1
horsesho;,1
"laminar,;",1
reaction;,1
"gait,;",1
voltage-mode-control,1
minimum-phas;,1
rhpz;,1
dc/dc;,1
"heating,;",1
"education,;",1
nurb;,1
"reality,;",1
augment;,1
adjac;,1
dental;,1
hard,1
suction;,1
thermochem;,1
high-entropi;,1
effici;,1
cylind,1
belief;,1
"verification,;",1
"contract,;",1
"eccentricity,;",1
"honeycombed,;",1
"defects,;",1
"columns,;",1
(rc);,1
evalu,1
"pv/t,;",1
"ghz,;",1
5;,1
wifi;,1
"exposure,;",1
"liner,;",1
sheet;,1
dent;,1
perviou;,1
ε-moabc;,1
"distractor,;",1
"mcq,;",1
geograph;,1
"biomass,;",1
coyot;,1
planner,1
"plan,;",1
sequenc;,1
oblique-direct;,1
"orientations,;",1
"feasibility,;",1
non-convent;,1
"nanocrystals,;",1
"geopolymers,;",1
ash;,1
"beneficiation,;",1
uncertainti,1
"spreader,;",1
morpholog;,1
"embedding,;",1
word;,1
"learning-to-rank,;",1
morphem;,1
"road,;",1
seig,1
"self-excitation,;",1
"poles,;",1
technolog,1
microfluid;,1
"agents,;",1
cytotox;,1
"apoptosis,;",1
"(dep),;",1
dielectrophoresi;,1
"(hcc),;",1
carcinoma;,1
hepatocellular;,1
"anfis,;",1
pmsm,1
"ffve,;",1
"connected,;",1
"highway,;",1
feature-bas;,1
"sizer,;",1
bag-of-featur;,1
scale-spac;,1
constitut;,1
"electrostriction,;",1
"constant,;",1
"elastomer,;",1
nanomateri,1
gel-spin;,1
sol;,1
"ca-mn,;",1
"tio2,;",1
airlight,1
depth;,1
"defogging,;",1
feasibl;,1
"policy,;",1
incent;,1
correct;,1
micro-perfor;,1
multi-level;,1
program,1
cone;,1
mixed-integ;,1
"smoothing,;",1
workload;,1
holographi,1
computer-gener;,1
valence-arous;,1
brain-comput;,1
frog;,1
shuffl;,1
"thresholding,;",1
sam;,1
high-spe;,1
acoust;,1
vision,1
landmark;,1
facial;,1
occlud;,1
lstm;,1
outag;,1
full-duplex;,1
ergod;,1
cooper;,1
represent,1
explain;,1
"personalization,;",1
"recruiting,;",1
"leaping,;",1
structured-light;,1
preflex;,1
"durability,;",1
"width,;",1
"kinetics,;",1
"thermodynamics,;",1
"co-pyrolysis,;",1
"cnt,;",1
"levels,;",1
"blend,;",1
"n-pentanol,;",1
"dependency,;",1
probabl,1
"apodization,;",1
"beamformer,;",1
tangent,1
"obstacle,;",1
"pts,;",1
"papr,;",1
"ufmc,;",1
(fem),1
"trimline,;",1
"orthosis,;",1
ankle-foot;,1
afo;,1
microgrid;,1
"case,;",1
suffici;,1
(mtlbo),1
tlbo;,1
"(tlbo),;",1
"(elm),;",1
extrem;,1
arithmet,1
ieee;,1
"calculator,;",1
quasi-type-1;,1
"(pll),;",1
"(dtogi),;",1
third-ord;,1
advers;,1
"compliance,;",1
unconfin;,1
"strip,;",1
section;,1
golden;,1
"carbide,;",1
al;,1
improv;,1
"cell,;",1
"ito,;",1
a380;,1
"(qt1),;",1
five-phas;,1
"(dtc),;",1
set,1
reachabl;,1
"overtaking,;",1
mida;,1
load-bear;,1
"cracks,;",1
"girder,;",1
pc;,1
hollow-typ;,1
exponenti;,1
geometri;,1
diamet;,1
"t-junction,;",1
malignom;,1
(smo),1
observ;,1
densiti,1
hold;,1
road,1
"braking,;",1
anti-lock;,1
(haz),1
zone;,1
"yag,;",1
nd:;,1
"(lw),;",1
"(tig),;",1
inert;,1
torsion;,1
cranktrain;,1
transpar;,1
"covering,;",1
"hull,;",1
semi-fragil;,1
"classifier,;",1
forest;,1
random;,1
island;,1
fail-saf;,1
hydrostat;,1
filterbank;,1
distort,1
"restorer,;",1
t-type;,1
"pll,;",1
cancel;,1
"compositions,;",1
cast;,1
"porosity,;",1
high-tin;,1
"damper,;",1
"(dma),;",1
"(ep),;",1
epoxi;,1
"(hnts),;",1
halloysit;,1
"(bf),;",1
basalt;,1
trade,1
stock;,1
sentiment;,1
portfolio;,1
308l;,1
rate,1
"vibrations,;",1
"side,;",1
bottom;,1
"al6061,;",1
"accuracy,;",1
corner;,1
age,1
seawat;,1
"(giic),;",1
tough;,1
delamin;,1
"impact,;",1
double-lay;,1
ballist;,1
hierarch;,1
"oxygen,;",1
dissolv;,1
treatment;,1
wastewat;,1
altern;,1
nonferr;,1
"matte,;",1
coal;,1
k-nearest;,1
"sars-cov-2,;",1
"covid-19,;",1
notch;,1
balanc;,1
basi;,1
"ballbot,;",1
"cobalt,;",1
cr;,1
bullet,1
mm;,1
7.62;,1
hfo2,1
"tcad,;",1
"high-k,;",1
"tgmosfet,;",1
"feedback,;",1
"pi-control,;",1
2dof;,1
coronavirus,1
"islands,;",1
cpg;,1
"neighbors,;",1
"caching,;",1
in-network;,1
"window,;",1
viscoelast,1
elong;,1
"fene-cr,;",1
"nanofiber,;",1
"agri-manufacturing,;",1
"heatsinks,;",1
plate-fin;,1
nanoparticl,1
"mpc,;",1
"capability,;",1
fault-toler;,1
self-compact;,1
dynam,1
"nanorobot,;",1
afm;,1
popular,1
centric;,1
ethanol,1
cone-jet;,1
electrospray;,1
steganographi,1
lsb;,1
suit;,1
archive-bas;,1
sar,1
textil;,1
"wearable,;",1
automobil;,1
ibraptor,1
"(cnts),;",1
arm;,1
bu;,1
sm,1
studi;,1
develop;,1
principl;,1
turkish;,1
oil,1
"blade-shaped,;",1
"materia,;",1
gazel;,1
chaotic-lévi;,1
pyrolyt;,1
irrevers,1
"radiator,;",1
"training,;",1
non-it;,1
neural-lik;,1
sgtm;,1
extended-input;,1
"ensemble,;",1
grnn;,1
"imputation,;",1
miss;,1
microhard,1
tig;,1
"multi-parameter,;",1
"rockburst,;",1
microseism;,1
databas,1
narma-l2;,1
"resonance,;",1
load-displac;,1
consolid;,1
instrument;,1
"behaviour,;",1
beam-to-column;,1
cft;,1
"stiffener,;",1
rib;,1
approxim,1
diagnost,1
care;,1
"microfluidics,;",1
paper-bas;,1
"transport,;",1
radiat,1
tank;,1
oil;,1
"(e-trm),;",1
electro-therm;,1
"tubes,;",1
nest;,1
alga;,1
soil,1
sulphat;,1
"heave,;",1
sulphate-induc;,1
"stabilisation,;",1
soil;,1
"roadcem,;",1
furnac;,1
blast;,1
granul;,1
hydrogen,1
"lithography,;",1
thermal-hydro-ga;,1
"hardfacing,;",1
vapour;,1
"evaporation,;",1
injector;,1
semin;,1
imbalanc;,1
polyethylen;,1
"leachate,;",1
landfil;,1
fenton;,1
"demand,;",1
"processes,;",1
"topography,;",1
"(maglev),;",1
levit;,1
ball;,1
pattern,1
arbitrari;,1
human-robot;,1
human-awar;,1
nsga;,1
size,1
"drawing,;",1
"hydroforming,;",1
"microforming,;",1
"condition,;",1
haar;,1
double-beam;,1
"recycled,;",1
"(pet),;",1
terephthal;,1
procedur,1
neighborhood;,1
"maximization,;",1
throughput;,1
alloc;,1
seawat,1
"tribocorrosion,;",1
"316,;",1
ro,1
henri;,1
carbon,1
"graphitisation,;",1
catalyt;,1
value-ad;,1
coconut;,1
weld,1
xpf800;,1
"premixed,;",1
premix;,1
type-2;,1
interv;,1
(snr),1
input;,1
max-gain;,1
sine-net,1
vessel;,1
fulli;,1
treatment,1
"transformation,;",1
nimngamo;,1
tune,1
solubl;,1
quasi-z-sourc;,1
attribut,1
"(dwt),;",1
quantiti;,1
heterojunct;,1
bulk;,1
resistor,1
"starting,;",1
"pulsations,;",1
hold,1
road;,1
ride;,1
hyper;,1
termin;,1
strip,1
"basalt,;",1
"frp,;",1
"(dsh),;",1
duti;,1
"(lz),;",1
inductor;,1
remain;,1
"(q-zsi),;",1
28ghz;,1
space,1
confin;,1
"path-planning,;",1
"metamaterial,;",1
vision;,1
"attention,;",1
synthet;,1
snake;,1
traction;,1
"bus,;",1
pedal;,1
one;,1
path-track,1
longitudin;,1
"sets,;",1
mmw;,1
lump;,1
5g;,1
38ghz;,1
"profiles,;",1
"shedding,;",1
oscillatori;,1
"thermoacoustics,;",1
mono;,1
"dynamic,;",1
"refiner,;",1
"elongation,;",1
ultim;,1
bay;,1
brinel;,1
aluminium;,1
phonem;,1
pseudorandom;,1
brake,1
regen;,1
"drain,;",1
"automata,;",1
displac;,1
piston;,1
"net,;",1
meta-model,1
"devs,;",1
model-driven;,1
"densification,;",1
"(devs),;",1
"phases,;",1
"alpha–gamma,;",1
"dewm,;",1
"rhenium,;",1
solvent;,1
"anemia,;",1
"thixoforming,;",1
"wheel,;",1
train;,1
review,1
literatur;,1
conceptu;,1
concept;,1
"requirements,;",1
syltherm-800,1
nocturn;,1
"compounds,;",1
toler,1
cfd;,1
316l;,1
"morphology,;",1
check;,1
"growth,;",1
nanostructur;,1
double-cag;,1
single-cag;,1
elman;,1
encrypt,1
"decorrelation,;",1
piecewis;,1
wc-co;,1
"abrasive,;",1
"finishing,;",1
magnesium,1
scratch;,1
parallel,1
"fabrication,;",1
"permutations,;",1
ie2;,1
mill;,1
"elements,;",1
parasit;,1
"tire,;",1
"(cpl),;",1
non-pneumat;,1
three-port;,1
isol;,1
mill,1
"disorder,;",1
"pigment,;",1
red;,1
"α-fe2o3,;",1
degen;,1
"sintering,;",1
lime,1
"geotextile,;",1
"parkinson,;",1
swell;,1
expans;,1
puddl,1
"xrd,;",1
"ribbons,;",1
amorph;,1
"spinning,;",1
sonic,1
"stir-cast,;",1
"boron-carbide,;",1
"eeg,;",1
metallotherm;,1
"feco,;",1
"sawdust,;",1
diphenylcarbazid;,1
"(cr6+),;",1
chromium;,1
hexaval;,1
(c-hil),1
"weighted,;",1
"micro-grid,;",1
frp,1
"deterioration,;",1
"jacket,;",1
"hvsagwo,;",1
prefabr;,1
"repair,;",1
"rehabilitation,;",1
mmwave,1
"pvd-improved,;",1
alluvi;,1
soft;,1
karakor;,1
"multi-hop,;",1
"(bes),;",1
"(spv),;",1
matlab/simscap,1
"fault-tolerance,;",1
"injection,;",1
"fibres,;",1
observ,1
vermiculit,1
"husk,;",1
sustain,1
"pith,;",1
"assignment,;",1
subchannel;,1
"rubber,;",1
current,1
rm;,1
"stages,;",1
"continuity,;",1
conduct;,1
"fires,;",1
crumb;,1
"crossing,;",1
honeycomb;,1
predict,1
"sulfate,;",1
"settlement,;",1
"embankment,;",1
ammonium;,1
"extract,;",1
supervis;,1
yeast;,1
proposit;,1
"glucose,;",1
primari;,1
"droop,;",1
multi-gain;,1
improv,1
"vna,;",1
"fairness,;",1
"(ofdma),;",1
scheme,1
frequency-divis;,1
bvp4c;,1
close;,1
imperm;,1
"martensite,;",1
scatter-gath,1
"migration,;",1
endur,1
"calculations,;",1
"uav,;",1
"vtol,;",1
delay,1
wet;,1
tropospher;,1
"climate,;",1
"forecast,;",1
"meteorology,;",1
gnss;,1
"nanoliquid,;",1
viscoplast;,1
"gmaw,;",1
cenelec-a;,1
"return,;",1
variabl,1
single-wir;,1
"redesign,;",1
coupl;,1
calibr;,1
1d;,1
si;,1
powerlin;,1
"aa6013,;",1
"aa5754,;",1
cuo/wat,1
"blockage,;",1
condens;,1
"reservoir,;",1
gas-condens;,1
(fgm),1
galerkin’;,1
"(cpt),;",1
crush,1
skew;,1
"bending,;",1
"(mtekm),;",1
kantorovich;,1
multi-term;,1
vikor,1
"topsis,;",1
"castamide,;",1
tcp;,1
phenol,1
"peel,;",1
microwave-assist;,1
"antioxidants,;",1
gpu;,1
"ring,;",1
"grain,;",1
"electro-oculogram,;",1
"electro-encephalogram,;",1
"biometric,;",1
"blinking,;",1
eye;,1
user;,1
black-oil;,1
single/multi;,1
"atmosphere,;",1
iaa;,1
multitask;,1
arl,1
"dmewma,;",1
"mewma,;",1
"chart,;",1
"rank,;",1
window,1
"metric,;",1
crp;,1
"dos,;",1
icmpv6_bas;,1
smurf;,1
"flood,;",1
syn;,1
"it2,;",1
rule-bas;,1
"dpll/dfll,;",1
loadabl,1
"contingency,;",1
dynaflow;,1
"(pmbca),;",1
movement;,1
"(dos),;",1
optima;,1
metaheurist,1
salesman;,1
travel;,1
"agreement,;",1
tree;,1
"(ecc),;",1
hospit;,1
precod,1
cryptographi;,1
"combining,;",1
"forcing,;",1
"(iomt),;",1
user-mass;,1
robust,1
"hog,;",1
"dcf,;",1
thd,1
thing;,1
half;,1
internet;,1
smart,1
"controllers,;",1
silhouett;,1
non-destruct;,1
freestyl;,1
action;,1
(3d);,1
three-dimension;,1
"tests,;",1
contamin;,1
"slope,;",1
sand;,1
"microwaves,;",1
tabu;,1
bird;,1
migrat;,1
nib;,1
facil;,1
"80a,;",1
nimon;,1
"clamps,;",1
tension;,1
"detonation,;",1
jwl;,1
far-field;,1
near-field;,1
"explosion,;",1
underwat;,1
biometr,1
gait;,1
node,1
"38si7,;",1
wedg,1
"skeleton,;",1
beta;,1
moea/d,1
many-respons;,1
"nsga-iii,;",1
surrog;,1
experiment,1
mamdani;,1
carbonis;,1
reflectarray;,1
power-handl;,1
"mode,;",1
ferro;,1
azimuth;,1
isol,1
metho,1
johnson-cook;,1
"scrambling,;",1
non-integr;,1
"decryption,;",1
encrypt;,1
"sequences,;",1
chua’;,1
sysml,1
"iso26262,;",1
bit,1
signific;,1
"keypoints,;",1
scalabl;,1
invari;,1
"(v2g),;",1
document;,1
"signature,;",1
nature-inspir;,1
match;,1
vehicle-to-grid;,1
"(evs),;",1
"(pv),;",1
station,1
recharg;,1
"review,;",1
actuat,1
avispa,1
metamateri;,1
batteri,1
pv-wind;,1
forag;,1
bacteria;,1
submarin;,1
"farm,;",1
"line,;",1
"abc,;",1
"sensors,;",1
qcm;,1
ac-dc;,1
fgsm,1
"cfrp,;",1
languag;,1
"bpnn-pso,;",1
gabriel;,1
"topology,;",1
manet;,1
"variables,;",1
relax;,1
"lstm,;",1
coat,1
task-war;,1
multi-cel;,1
i-optim;,1
"resistivity,;",1
znal;,1
indoor;,1
"space,;",1
subgrad;,1
lightweight,1
"accounting,;",1
distanc,1
intermitt;,1
"rssi,;",1
devic;,1
(fom),1
merit;,1
bed;,1
pack;,1
"sp.,;",1
chlorella;,1
microalga;,1
impur;,1
"(se),;",1
dodecylbenzenesulfon;,1
shield;,1
sheet,1
"(emi),;",1
r1234yf,1
"h2o-libr,;",1
"(mma),;",1
"cascade,;",1
levenberg-marquardt;,1
restrict;,1
biometr;,1
"procedure,;",1
"x70,;",1
api;,1
"inverters,;",1
fluid,1
shipboard;,1
nois,1
"9260,;",1
en45;,1
disc-pad;,1
"pad,;",1
poisson;,1
"railway,;",1
drift;,1
interstorey;,1
strong;,1
"curve,;",1
fragil;,1
balanc,1
turkey’;,1
"refrigerator,;",1
household;,1
"bombardments,;",1
heat,1
pestl;,1
"entrepreneurship,;",1
"africa,;",1
authent,1
fingerprint;,1
correl;,1
gp;,1
"acquisition,;",1
approach,1
probabilist;,1
presynapt;,1
"criterion,;",1
amplitud;,1
"life,;",1
"knuckle,;",1
steer;,1
"neuron,;",1
morris–lecar;,1
survey;,1
"instability,;",1
millimeter-wav;,1
brittl;,1
strategi,1
(abc),1
"self-adaptive,;",1
"hemostasis,;",1
redund,1
toroid;,1
vernier;,1
"defuzzification,;",1
"blocks,;",1
imprecis;,1
"thrust,;",1
measur,1
"wavelet,;",1
mother;,1
deeplabv3,1
"backbone,;",1
shift;,1
"(mmc),;",1
fractur;,1
"fracatlas,;",1
"(facts),;",1
fit,1
fill;,1
"insulators,;",1
flashov;,1
auto-tun,1
cancer;,1
masonri,1
"element,;",1
repres;,1
transient-gradi;,1
"automotive,;",1
delamin,1
moistur;,1
"cancer,;",1
hygrotherm;,1
backpropag;,1
"lay-up,;",1
diagram,1
wi-fi;,1
"accepting,;",1
modul,1
sub;,1
(hb);,1
half-bridg;,1
"(cps-spwm),;",1
width;,1
"recirculation,;",1
exhaust;,1
yittria-;,1
"instrument,;",1
stylu;,1
handl,1
"manoeuvrability,;",1
"traction,;",1
toe;,1
camber;,1
polylact;,1
kenaf;,1
"inspection,;",1
blank,1
tailor;,1
unidirect;,1
investig,1
"collector,;",1
trough;,1
parabol;,1
tunnel,1
"bubbles,;",1
"intermittency,;",1
"trips,;",1
"airfoil,;",1
"timing,;",1
inject;,1
start;,1
wideband;,1
ether;,1
diethyl;,1
"oil-biodiesel,;",1
expect;,1
"vehicle-to-grid,;",1
plug-in;,1
runge-kutta;,1
circularli;,1
em-driven;,1
pretreat,1
"production,;",1
biohydrogen;,1
magnetohydrodynam;,1
lignocellulos;,1
"leaves,;",1
sugarcan;,1
liquefact,1
"absorber,;",1
"still,;",1
"probing,;",1
"ageing,;",1
"damages,;",1
oscil,1
differenc;,1
"outputs,;",1
neoplasm,1
"oscillator,;",1
single-resistance-control;,1
user,1
"spade,;",1
opportunist;,1
"pix2pix,;",1
"gans,;",1
charg,1
not;,1
"6,;",1
supercrit;,1
"surrogates,;",1
"fuels,;",1
(asic),1
applic;,1
"compressor,;",1
(bcd-bin);,1
bcd;,1
supercapacitor;,1
"(mic),;",1
distanc;,1
make,1
multi-input;,1
"comparator,;",1
"sei,;",1
intuit;,1
"nano-grid,;",1
"ftir,;",1
"tga,;",1
"opf,;",1
"rhdpe,;",1
flowabl,1
hysteresi;,1
vibrat,1
"mql,;",1
"ls-svm,;",1
fluent,1
re-circul;,1
"transconductor,;",1
blockag;,1
"(adsm),;",1
co2;,1
delta-sigma;,1
"(alpha),;",1
updat;,1
vogel’;,1
decomposit;,1
adomian;,1
third;,1
simulink,1
"car,;",1
quarter;,1
"(mhd),;",1
"8801,;",1
instron;,1
(re),1
alter;,1
"(ev),;",1
"(uc),;",1
"td-lbp,;",1
"crease,;",1
insight;,1
falkner-skan;,1
finger;,1
"l-index,;",1
cross-diffus;,1
"stratification,;",1
"bsfc,;",1
wellbor;,1
"steam,;",1
superh;,1
"co2,;",1
"eor,;",1
purkinj;,1
gram-charli;,1
edgeworth-petrov;,1
"(isi),;",1
intersymbol;,1
"multiplierless,;",1
(sc)/ultracapacitor;,1
quasi-period;,1
multiplex,1
divis;,1
wavelength;,1
boolean;,1
"absorption-transmission,;",1
cu/wat;,1
evalu;,1
"framework,;",1
yavadunam;,1
"mathematics,;",1
vedic;,1
"cubic,;",1
financi;,1
broadband;,1
"moment,;",1
"crystals,;",1
metastructure-photon;,1
"anurupyena,;",1
superconductor;,1
"flexagon,;",1
flexagon;,1
(ber),1
"(rrc),;",1
time,1
loop,1
frequency-lock;,1
"integrator,;",1
"dc-offset,;",1
phase-lock;,1
warn;,1
(c&e),1
caus;,1
"teaching–learning,;",1
"magnitude,;",1
"correntropy,;",1
apt,1
"tqwt,;",1
"seizure,;",1
(yvdn),1
sutra;,1
(rrc),1
"threat,;",1
intersymbol/interchannel;,1
time-frequ;,1
scalar;,1
persist;,1
"hin,;",1
"cti,;",1
stator;,1
"frame,;",1
threat;,1
cyber;,1
suppress,1
"tunable,;",1
stepped-imped;,1
"coupled,;",1
joint;,1
(wgn),1
white;,1
"telemedicine,;",1
"(fdcut),;",1
curvelet;,1
"tool,;",1
twelv;,1
commut;,1
steepest;,1
"levenberg-marquardt,;",1
"sifcon,;",1
permanent-magnet;,1
"emf,;",1
five-axi;,1
flux;,1
"asip,;",1
rasorb,1
"analyses,;",1
desir;,1
mig;,1
"l1-minimization,;",1
manag,1
(pr);,1
"pmsg,;",1
(tcsc),1
compens;,1
"catheter,;",1
"(sfl),;",1
sugeno;,1
(qohs);,1
"imidacloprid,;",1
"pesticide,;",1
"center,;",1
"de-gwo,;",1
"pss,;",1
"facts,;",1
"upfc,;",1
laboratori;,1
clear;,1
"pier,;",1
bridg;,1
thz;,1
"scouring,;",1
flyash,1
md5,1
"idea,;",1
crypto;,1
dirichlet;,1
"disks,;",1
stretchabl;,1
turn,1
"forces,;",1
"brass,;",1
xrd,1
sem;,1
"electrodeposition,;",1
zn-ni;,1
laterit;,1
tsp,1
noneuclidean;,1
max-min;,1
"metaheuristic,;",1
"ferronickel,;",1
"swarm,;",1
"reductant,;",1
"slideway,;",1
spiral;,1
special;,1
evacu;,1
"evacuation,;",1
emerg;,1
high-ris;,1
"approximants,;",1
pade’;,1
ham;,1
"plot,;",1
domb-syk;,1
"cess,;",1
"series,;",1
"acetylation,;",1
"α-chitin,;",1
"head,;",1
stone;,1
period,1
"shrink-fit,;",1
"tasmania,;",1
"coastal,;",1
plastic,1
"autofrettage,;",1
"agent,;",1
viscos;,1
fresh;,1
self;,1
state-spac;,1
inertia;,1
"dipole,;",1
"propulsion,;",1
radiolog,1
"electromagnetohydrodynamics,;",1
intervent;,1
"particle,;",1
"nrw,;",1
"mtm,;",1
cr-cl;,1
examin,1
microstructur;,1
zno;,1
za-27;,1
sem/,1
"bond,;",1
crystallin;,1
contrast;,1
"air-light,;",1
"cs-scht,;",1
"ecg,;",1
"fibrillation,;",1
atrial;,1
sink,1
"arrangements,;",1
nich,1
cardiovascular;,1
domin;,1
non-newtonian;,1
"solution,;",1
"approximations,;",1
suction,1
"intervention,;",1
signal,1
inspir;,1
robotic-assist;,1
"cancellation,;",1
nelder-mead;,1
heart;,1
cmo,1
naca;,1
standard;,1
"asic,;",1
"indication,;",1
"simulations,;",1
slump;,1
prior,1
"mixture,;",1
"range,;",1
midi;,1
"3dcp,;",1
saw,1
"promethee-ii,;",1
"madm,;",1
"ahp,;",1
chamfer,1
cluster,1
"(ntpm),;",1
profil;,1
"surveillance,;",1
"re-identification,;",1
diabet;,1
"ontology,;",1
"reasoning,;",1
case-bas;,1
iec;,1
level,1
normal;,1
"divider,;",1
stress,1
"gear,;",1
bingham;,1
profil,1
fold;,1
"ebg,;",1
"fss,;",1
electromagnet,1
"investigation,;",1
"micropump,;",1
"microchannel,;",1
bu,1
switch;,1
meter,1
"imcp,;",1
"lte-m,;",1
"m2m,;",1
"node,;",1
airfoil,1
"inductor,;",1
"hypercube,;",1
"path,;",1
hamilton;,1
jitter,1
ete;,1
all-pass;,1
"pmu,;",1
"61850,;",1
"losses,;",1
lion;,1
recurs;,1
"(ipmsm),;",1
interior-typ;,1
"(fo-smc),;",1
(facss);,1
(css);,1
"(dsse),;",1
(gsa),1
keyless;,1
"(mol),;",1
liaison;,1
mani;,1
(pi);,1
"(srm),;",1
physic;,1
"making,;",1
criteria;,1
"disaster,;",1
"loads,;",1
turbin,1
"lvrt,;",1
"dfig,;",1
"dvr-ocamli,;",1
bipvt;,1
"bipv,;",1
build,1
residenti;,1
"rule,;",1
priorit;,1
"shifting,;",1
stud;,1
"minimization,;",1
bow-ti;,1
sierpinski;,1
"(fcc),;",1
committe;,1
em;,1
"spectrometer,;",1
polyest;,1
unsatur;,1
hidden;,1
kurdish;,1
"q-enhancement,;",1
"rxlevel,;",1
"humidity,;",1
dew;,1
f450,1
"simulators,;",1
dji;,1
reduced-ord;,1
evolut,1
secant;,1
"relaxation,;",1
lagrang;,1
"profit,;",1
"commitment,;",1
draw,1
"gas-liquid,;",1
(rds),1
"(kha),;",1
"(skha),;",1
"quadrotor,;",1
taguchi’;,1
"625,;",1
stiff;,1
dg,1
convent;,1
"db-dgs,;",1
718,1
"ansst,;",1
"radius,;",1
nose;,1
edge-map;,1
pupil;,1
iri;,1
qf;,1
iter;,1
deregul;,1
wigner-vil;,1
proni;,1
placement,1
"mapreduce,;",1
equip,1
"er70s-6,;",1
condit;,1
steady-st;,1
"(svm),;",1
"fatigue,;",1
"(mc),;",1
"(ceig),;",1
capacitor-excit;,1
"waam,;",1
"tolerances,;",1
form;,1
behav;,1
"hyper-heuristics,;",1
induct,1
poorli;,1
spwm;,1
"igbt,;",1
central;,1
"antibacterial,;",1
"α-alumina,;",1
"ferrite,;",1
"diversity,;",1
popul;,1
lcl;,1
"pso-mvo,;",1
benchmark;,1
pencil;,1
oscil;,1
"optimisation,;",1
cool;,1
"mepcm,;",1
cfpp,1
"viscosity,;",1
damp;,1
"renewable,;",1
alcohol,1
self-balanc;,1
"oxygenate,;",1
"isopropanol,;",1
powder,1
fire;,1
cut,1
over;,1
ontolog,1
rule;,1
"projects,;",1
gbest-guid;,1
integr,1
"planar,;",1
"siw,;",1
"microstrips,;",1
ray,1
bounc;,1
"section,;",1
fusion,1
"scattering,;",1
"planforms,;",1
delta;,1
"wing,;",1
safeti;,1
fall;,1
conductor;,1
receiv;,1
"handover,;",1
transceiv;,1
micro-hard,1
"quick-stop,;",1
"ultrasonic,;",1
stick;,1
"onefall-gan,;",1
constrain;,1
secur;,1
"reconfiguration,;",1
variat;,1
pi-pd;,1
ascorb;,1
"nano-colloid,;",1
cu;,1
elect;,1
curvic;,1
"heterogeneity,;",1
scada;,1
infrastructur;,1
web-break,1
"stretch,;",1
"rewinder,;",1
develop,1
"workplace,;",1
"pillars,;",1
"innovation,;",1
"health,;",1
"maintenance,;",1
compressor,1
4-2;,1
bec;,1
"csla,;",1
fs-gdi;,1
"rotors,;",1
spiromet,1
capac;,1
lung;,1
pvdf;,1
"exhalation,;",1
"harvesting,;",1
spectroscopi,1
aero-engin;,1
x-ray;,1
"cogeneration,;",1
brayton;,1
ti6al4v;,1
"machinability,;",1
"driven,;",1
lid;,1
wheel,1
momentum;,1
gyroscop;,1
euler;,1
"cnc-milling,;",1
"frontier,;",1
"maneuver,;",1
dock;,1
"fuzzy-pid,;",1
"neuro-fuzzy,;",1
anthropometr;,1
"furniture,;",1
ergonom;,1
"anthropometry,;",1
udimet-l605,1
"electrophoresis,;",1
multi-linear;,1
"pole,;",1
instantan;,1
montmorillonit,1
isotropi;,1
metachron;,1
"kaolin,;",1
cilia;,1
plant,1
"harvest,;",1
hydrotherm;,1
"boundaries,;",1
"shakers,;",1
trunk;,1
"sem,;",1
turn;,1
"tools,;",1
melanoma,1
kerf,1
uveal;,1
"micro-channels,;",1
"low-frequency,;",1
micro-wir;,1
disord,1
musculoskelet;,1
"measurements,;",1
background;,1
"feature,;",1
"profiler,;",1
"manuscripts,;",1
blstm,1
palm;,1
"rnn,;",1
"functions,;",1
"aggregates,;",1
fem;,1
plasma;,1
elmer;,1
"macrophyte,;",1
"biofuel,;",1
"hydrochar,;",1
"carbonization,;",1
"(ase),;",1
spontan;,1
beta-ellipt;,1
under;,1
dut-devic;,1
cb-comput;,1
csc-complet;,1
handwrit;,1
bans-bodi;,1
"tcp/aqm,;",1
ganomali,1
queue;,1
precipit;,1
"anogan,;",1
segment;,1
raster;,1
dd;,1
"r-cnn,;",1
t-way;,1
capac,1
lzw;,1
high-ord;,1
integ,1
"radix,;",1
"(dft),;",1
"(cnbs),;",1
[focm],1
multiplex;,1
"(xgm),;",1
"ratio(er),;",1
extinct;,1
"(ocn),;",1
"cpw-feed,;",1
fractional-ord;,1
onlin,1
"shift,;",1
"b-spline,;",1
"recursive,;",1
refractori;,1
shannon;,1
32;,1
rlc;,1
exergi,1
"lighting,;",1
bispvt;,1
high-temperatur;,1
metamateri,1
"differentiator,;",1
"chips,;",1
"bioinspiration,;",1
wimax,1
"stub,;",1
t-shape;,1
"services,;",1
"shape,;",1
urn;,1
"joints,;",1
"non-linear,;",1
"post-buckling,;",1
mass,1
"(fopid),;",1
proportional-integral-differenti;,1
"(tcsc),;",1
single-doubl;,1
"macrocell,;",1
"mass,;",1
"p-values,;",1
"f-test,;",1
fisher’;,1
ni–co–p;,1
electroless;,1
meta;,1
"filters,;",1
pneumat;,1
"micropolar,;",1
"ni–ti,;",1
(wecs),1
"semi-converter,;",1
"(mppt),;",1
"(dsc),;",1
spin;,1
rod,1
shut-off;,1
"profile,;",1
drop;,1
rod;,1
reactor;,1
liquefact;,1
rigid;,1
"dashpot,;",1
optimization–gravit;,1
"polymer,;",1
cfr;,1
k-star;,1
mode,1
"femtocell,;",1
"latency,;",1
"overhead,;",1
"coverage,;",1
"limitation,;",1
on-lin;,1
"bearings,;",1
"rollers,;",1
faulti;,1
wall,1
slip;,1
ree–eyr;,1
spin-mosfet,1
"spin-fet,;",1
"ftj,;",1
"mtj,;",1
"gmr,;",1
full-ord;,1
"characteristic,;",1
"adc,;",1
plc,1
"belt,;",1
conveyor;,1
proxim;,1
grid-form;,1
knn;,1
"emd,;",1
multivari;,1
"(eeg),;",1
electroencephalogram;,1
softwar,1
hartmann;,1
pump,1
life,1
"wlt,;",1
turkish,1
"bi-lstm,;",1
"pmedm,;",1
"edm,;",1
statist,1
"statistic,;",1
t2;,1
hotel;,1
ewma;,1
princip;,1
rotor;,1
wound;,1
scanner,1
peripher;,1
project;,1
incompress;,1
"eccentric,;",1
calibr,1
"lip-reading,;",1
filter,1
"applications,;",1
miniatur,1
guid;,1
prn;,1
"cdma,;",1
"irnss,;",1
interfac,1
solid–liquid;,1
lewi;,1
"prior,;",1
arteri;,1
"correction,;",1
gamma;,1
media,1
bid,1
independ;,1
svc,1
"sizing,;",1
"dehaze,;",1
simpl;,1
text,1
success,1
noisi;,1
"subspace,;",1
express;,1
gabor;,1
graph-bas;,1
blend,1
"turkish,;",1
"acetone,;",1
nanocomposit,1
vibration-assist;,1
"normalization,;",1
antimicrobi;,1
pedot:pss;,1
"thermoplastics,;",1
fill,1
"regions,;",1
"variance,;",1
ls;,1
stenosi,1
"displacement,;",1
agc;,1
"batteries,;",1
nld;,1
restructur;,1
"single-stage,;",1
"gsa,;",1
column;,1
multiplier-less,1
farrow;,1
abc;,1
bandwidth;,1
proxim,1
stagger;,1
pipe,1
"collapse,;",1
progress;,1
"hole,;",1
"eaduc,;",1
trnsi,1
"velocity,;",1
phase,1
inter-metal;,1
"austenite,;",1
"input,;",1
pit;,1
hard-switch,1
pendulum;,1
ball–beam;,1
fuzzy-pid;,1
"soft-switching,;",1
"buck,;",1
regul,1
pre-stress;,1
rectifi;,1
(dost),1
stockwel;,1
"(tcc),;",1
"(gps),;",1
"(rtus),;",1
telemetri;,1
(mmwave),1
trapezoid;,1
mca,1
millimetr;,1
shadow;,1
dictionari;,1
"shadow,;",1
multi-hop;,1
"scanner,;",1
"program,;",1
mex;,1
"matlab,;",1
(pss),1
"(pis),;",1
indic;,1
scale;,1
"(hsa),;",1
"(fpss),;",1
"(flc),;",1
"(ba),;",1
"(hetnet),;",1
valv;,1
"constraints,;",1
"wcome,;",1
ni-zn-co-in,1
"substrates,;",1
"ferrites,;",1
heatlin,1
"(ho),;",1
"diffusive,;",1
divers;,1
"fading,;",1
profilometri,1
scoria,1
volcan;,1
"pozzolan,;",1
blend;,1
"fineness,;",1
usbxpress,1
"usb,;",1
bicmo;,1
handov;,1
waveform,1
"scmi,;",1
separ,1
k-ε;,1
"bend,;",1
"(5g),;",1
90°;,1
(lfd),1
"homogeneity,;",1
in-cylind;,1
"(hcci),;",1
homogen;,1
"(gfd),;",1
"(er),;",1
fifth;,1
"(dc),;",1
toolbox,1
cf;,1
press;,1
"kinematics,;",1
(sll),1
null,1
(ebg);,1
bandgap;,1
"(dgs),;",1
"(mspa),;",1
"omnidirectional,;",1
"reactions,;",1
homogeneous–heterogen;,1
peak-control;,1
"seeding,;",1
(upfc),1
"(rcga),;",1
code;,1
"(ipslp),;",1
"coupled-fed,;",1
success;,1
"(cpf),;",1
monopolar;,1
nash;,1
"(ids),;",1
intrus;,1
"(manet),;",1
metallurg;,1
"environments,;",1
dr,1
"epoxy,;",1
(ba),1
"(hbmo),;",1
mate;,1
honey;,1
"(qpso),;",1
"(lbg),;",1
linde–buzo–gray;,1
"quantization,;",1
wagon,1
railway;,1
half-cylindr;,1
"(ta-bma),;",1
protocol;,1
"(mac),;",1
"(wsn),;",1
capabl;,1
"cylindrica,;",1
luffa;,1
"zirconate,;",1
"ss,;",1
304;,1
magnesium;,1
(ttf),1
non-parametr;,1
"(mttf),;",1
"(halt),;",1
highli;,1
nanoparticl;,1
"swcnts–water,;",1
biodegrad,1
philosophi,1
"pcm,;",1
khepera;,1
"ipso-dv,;",1
"q-learning,;",1
microelctro;,1
implant;,1
"openflow,;",1
scientif;,1
"activity,;",1
"vi,;",1
nrel;,1
"hawt,;",1
compens,1
photocatalyt;,1
print,1
"(atc),;",1
"fidelity,;",1
(pi-p),1
integral-proport;,1
"(mfa),;",1
comparison,1
"compressors,;",1
posteriori;,1
"teaching-learning-based-optimization,;",1
deposit;,1
fuse;,1
"prototyping,;",1
rapid;,1
"locations,;",1
wax,1
paraffin;,1
solidif;,1
(lsf);,1
frame;,1
lightweight;,1
(pma),1
"(cpw),;",1
"dual-polarization,;",1
phenomena,1
mushi;,1
"thermodiffusion,;",1
hfss,1
"regime,;",1
terahertz;,1
miniatur;,1
"feedstock,;",1
sisko;,1
"blood,;",1
equat,1
immitt;,1
bilinear;,1
"enrichment,;",1
"biomedical,;",1
"magneto-hydrodynamics,;",1
mirror,1
metallurgi,1
"(mmncs),;",1
nanocomposit;,1
"(gnp),;",1
nanoplatelet;,1
swing,1
switched-capacitor;,1
(pushover);,1
seismic;,1
fast-settl;,1
non-darci;,1
"non-isothermal,;",1
"contracts,;",1
bilater;,1
(ss),1
swing;,1
subthreshold;,1
"(m),;",1
ioniz;,1
(wkb);,1
wentzel–kramers–brillouin;,1
"tunneling,;",1
barrier;,1
schottki;,1
"ionization,;",1
generation/absorpt,1
"stagnation-point,;",1
"nitriding,;",1
(smes),1
cla;,1
dpl;,1
(cla);,1
lookahead;,1
synthesi;,1
(dpl);,1
"sidewalls,;",1
"diffusivity,;",1
lid-driven,1
uniform;,1
ionslip;,1
petri;,1
"(honns),;",1
jet,1
"finish,;",1
"injector,;",1
realiz,1
source/sink,1
stretching/shrink;,1
aluminum/copper/aluminum,1
ufg;,1
"extrusion,;",1
equal;,1
msbl;,1
"femto-cloud,;",1
"logics,;",1
ternari;,1
"fet,;",1
"tuning,;",1
"switch,;",1
solut;,1
"phosphate,;",1
lithium;,1
"agitation,;",1
(pfp),1
pseudo;,1
multiplier-less;,1
"(milp),;",1
"(mddcm),;",1
"(dcm),;",1
"(cse),;",1
sub-express;,1
(ffa),1
pi-sigma;,1
"texture,;",1
"histogram,;",1
"penetration,;",1
xor;,1
"texton,;",1
hydro-therm;,1
"radio,;",1
activ,1
"banks,;",1
l-m;,1
taper;,1
deviat;,1
deep-cryogen;,1
rf-mem,1
"multi-band,;",1
insert;,1
(loe);,1
excit;,1
joint,1
al–cu;,1
"interdiffusion,;",1
antibacteri;,1
gibb;,1
format;,1
"accelerator,;",1
cantilev;,1
(pidd);,1
proportional-integral-doubl;,1
"(gdb),;",1
(tlbo);,1
boiler;,1
retriev,1
"pwm,;",1
post-fault;,1
magneto-hydrodynam,1
"drive,;",1
level-set;,1
coeffici,1
diffus;,1
newtonian;,1
topsi,1
multi-attribut;,1
die;,1
h-11;,1
williamson;,1
symbiot;,1
(facts),1
"(pmus),;",1
froud;,1
"equations,;",1
"weir,;",1
"(thorn),;",1
lift;,1
accuraci;,1
"pool,;",1
"e-glass,;",1
box–behnken;,1
"wire,;",1
echo,1
"receiver,;",1
monopuls;,1
"synthesizer,;",1
pwm,1
level-shift;,1
segment,1
dilat;,1
(k10);,1
"force),;",1
(tangenti;,1
distance-bas;,1
ud-gfrp;,1
"blends,;",1
"methanol,;",1
"ethanol,;",1
shorten,1
"distributions,;",1
taguchi';,1
"sr,;",1
"suction/injection,;",1
mocropolar;,1
"pr,;",1
bank;,1
mdft;,1
buckingham;,1
armour;,1
modulu,1
"mri,;",1
"dma,;",1
zone,1
indian;,1
"ecbc,;",1
"savings,;",1
"divergence,;",1
kullback-leibl;,1
"measure,;",1
assess;,1
"mgo-water,;",1
"(de),;",1
"(rfb),;",1
"(ipfc),;",1
interlin;,1
backbon;,1
stochast;,1
practic;,1
non-domin;,1
real-cod;,1
"norm,;",1
l1;,1
"density,;",1
disloc;,1
harmony-gravit;,1
"digit,;",1
"contact,;",1
elastic–plast;,1
"asperity,;",1
n-point;,1
dust;,1
"photovoltaic,;",1
"zigbee,;",1
slot;,1
(rlt),1
thick;,1
recast;,1
"(mrr),;",1
surfact;,1
ti-6al-4v;,1
darci;,1
net,1
incoloy;,1
time-domain,1
"frequency-domain,;",1
"transmission,;",1
"wideband,;",1
invert,1
concentr,1
move;,1
blockchain,1
"ferrofluid,;",1
character,1
"brake,;",1
mr;,1
(mr);,1
magneto-rheolog;,1
"stenosis,;",1
butyl;,1
ambient;,1
"chamber,;",1
non-tradit;,1
tio2/wat;,1
"tapes,;",1
twist;,1
"tube,;",1
microwav,1
"robonics,;",1
rcx;,1
"customization,;",1
grey-fuzzi;,1
p20;,1
"grey-pca,;",1
"800h,;",1
workflow;,1
"workflow,;",1
dag;,1
compound,1
interfaci;,1
ie3d,1
"4.0,;",1
rsm;,1
"sem/edx,;",1
"balls,;",1
area,1
arid;,1
"desalination,;",1
"greenhouse,;",1
salt;,1
microemulsif,1
oham,1
"adm,;",1
"drainage,;",1
"lifting,;",1
dc-motor,1
"discrete-time,;",1
array,1
reliabl;,1
"magnetohydrodynamic,;",1
multi-r,1
"(pre),;",1
reconstruct;,1
"(qmf),;",1
mirror;,1
monitor,1
"re-scheduling,;",1
buck;,1
patholog;,1
boost;,1
dc-dc;,1
"overcut,;",1
"hsla,;",1
isogeometr;,1
"gradient,;",1
exit;,1
uplift;,1
"seepage,;",1
pid,1
"manure,;",1
anim;,1
"wastes,;",1
municip;,1
"skew,;",1
inter-buff;,1
"buffer,;",1
mesh;,1
"(svd),;",1
mesh-bas;,1
window;,1
"powertrains,;",1
figure-of-merit,1
"on-resistance,;",1
breakdown;,1
"soi,;",1
"ldmos,;",1
high-voltag;,1
voltage-lift;,1
p–i;,1
machinist;,1
"preferences,;",1
multi-us;,1
skew,1
"hinge,;",1
databas;,1
saarbruecken;,1
"multi-modal,;",1
autoencod,1
multi-task;,1
outlier;,1
driven,1
"valuation,;",1
demand-sid;,1
bear,1
"price,;",1
snse;,1
as;,1
is;,1
it;,1
along;,1
na;,1
divid;,1
vdse;,1
parallel-st;,1
jpse;,1
"newton–raphson,;",1
nr;,1
wl;,1
se;,1
mutabl;,1
squeez;,1
grade-control;,1
"gmdh,;",1
neuro-fuzzi;,1
bend;,1
"aging,;",1
consum;,1
ctac;,1
hamiltonian;,1
featur,1
sampl;,1
minimum;,1
diamond;,1
polycrystallin;,1
"pca,;",1
"ud-gfrp,;",1
suction/blow,1
strain;,1
"uncertainty,;",1
"(dg),;",1
"(sdft),;",1
angl,1
"turbine,;",1
darrieu;,1
"meshing,;",1
"turbines,;",1
leave-one-out;,1
"evaluator,;",1
"csca,;",1
layer,1
marangoni;,1
depth,1
scour;,1
factori;,1
valu;,1
low-complex;,1
(sbse),1
simplifi;,1
"(ct),;",1
model-bas;,1
gui;,1
"micro-wedm,;",1
set;,1
spark;,1
pulse-on;,1
pulse-off;,1
"cutout,;",1
shallow;,1
stiffen;,1
"mif,;",1
"beams,;",1
infil;,1
mlp;,1
"nanodevice,;",1
"nanoelectronics,;",1
"nanotechnology,;",1
cmol;,1
medium,1
perturb;,1
ratio,1
"gra,;",1
"mosfet,;",1
surround;,1
short-channel;,1
valu,1
"wmfcc,;",1
"werbc,;",1
erb;,1
"packets,;",1
speech;,1
"volume,;",1
molar;,1
excess;,1
"dye,;",1
violet;,1
x-114;,1
triton;,1
(cwt),1
svm;,1
gfrp;,1
mono-block;,1
sinter,1
vehicular;,1
pll,1
"ipmsm,;",1
"de,;",1
"rga,;",1
iir;,1
sol–gel,1
"development,;",1
"electrolyte,;",1
"gdc,;",1
"leaching,;",1
"iron,;",1
malachit;,1
reduct;,1
rippl,1
"magnet,;",1
wast,1
"erosion,;",1
"transients,;",1
"unplugging,;",1
pipelin;,1
ester,1
methyl;,1
pseudo-heterogen;,1
alkali;,1
cook;,1
"annealing,;",1
rayleigh;,1
code,1
"taking,;",1
"mixer-settler,;",1
